ID,Title,Possible Points,Points Earned,Percentage
1,Hw1,10.000000,9.000000,90.000000
2,Hw2,10.000000,7.500000,90.000000
3,Test1,100.000000,41.000000,90.000000
4,Hw3,100.000000,91.000000,90.000000
5,Test2,10.000000,6.700000,90.000000